900,300,200,100,,,,,,,,,,,,,,,,,,,,,,,,,,,,,,,,,,,,,,,,,,,,,,,,,,,,,,,,
D,D,D,D,D,D,D,D,D,D,D,D,D,D,D,D,D,D,D,D,D,D,D,D,D,D,D,D,D,D,D,D,D,D,D,D,D,D,D,D,D,D,D,D,D,D,D,D,D,M,M,M,M,M,M,M,M,M,M,M
D,D,D,D,D,D,D,D,D,D,D,D,D,D,D,D,D,D,D,D,D,D,D,D,D,D,D,D,D,D,D,D,D,D,D,D,D,D,D,D,D,D,D,D,D,D,D,D,D,M,M,M,M,M,M,M,M,M,M,M
D,D,D,D,D,D,D,D,D,D,D,D,D,D,D,D,D,D,D,D,D,D,D,D,D,D,D,D,D,D,D,D,D,D,D,D,D,D,D,D,D,D,D,D,D,D,D,D,D,M,M,M,M,M,M,M,M,M,M,M
D,D,D,D,D,D,D,D,D,D,D,D,D,D,D,D,D,D,D,D,D,D,D,D,D,D,D,D,D,D,D,D,D,D,D,D,D,D,D,D,D,D,D,D,D,D,D,D,D,D,M,M,M,M,M,M,M,M,M,M
D,D,D,D,D,D,D,D,D,D,D,D,D,D,D,D,D,D,D,D,D,D,D,D,D,D,D,D,D,D,D,D,D,D,D,D,D,D,D,D,D,D,W,W,W,D,D,D,D,D,D,M,M,M,M,M,M,M,M,M
D,D,D,D,D,D,D,D,D,D,D,D,D,D,D,D,D,D,D,D,D,D,D,D,D,D,W,W,W,W,W,W,W,W,W,W,W,W,W,W,W,W,W,W,W,W,D,D,D,D,D,D,D,M,M,M,M,M,M,M
D,D,D,D,D,D,D,D,D,D,D,M,M,D,D,D,D,D,W,W,W,W,W,W,W,W,W,W,W,W,W,W,W,W,W,W,W,W,W,W,W,W,W,W,W,W,D,D,F,D,D,D,D,M,M,M,M,M,M,M
D,D,D,D,D,D,D,D,D,D,M,M,M,M,M,D,W,W,W,W,W,W,W,W,W,W,W,W,H,D,H,D,H,D,H,D,H,D,H,D,H,D,W,W,W,W,D,D,D,D,D,D,D,D,M,M,M,M,M,M
D,D,D,D,D,D,D,D,D,M,M,M,M,M,M,D,W,W,W,W,H,D,H,D,H,D,H,D,H,D,H,D,H,D,H,D,H,D,H,D,H,D,W,W,W,W,D,D,D,D,D,D,D,D,D,D,D,M,M,M
D,D,D,D,D,D,D,D,D,M,M,M,M,M,W,W,W,W,H,D,H,D,H,D,H,D,H,D,H,D,H,D,H,D,H,D,H,D,H,D,H,D,W,W,W,W,D,D,D,D,D,D,D,D,D,D,D,D,D,D
D,D,D,D,D,D,D,D,D,M,M,M,M,M,W,W,W,W,H,D,H,D,H,D,H,D,H,D,H,D,H,D,H,D,H,D,H,D,H,D,H,D,W,W,W,W,D,D,D,D,D,D,D,D,D,D,D,D,D,D
D,D,D,D,D,D,D,D,D,D,D,D,D,D,W,W,W,W,H,D,H,D,H,D,H,D,H,D,H,D,H,D,H,D,H,D,H,D,H,D,H,D,H,W,W,D,D,D,D,D,D,D,D,D,D,D,D,D,D,D
D,D,D,D,D,D,D,D,D,D,D,D,D,D,W,W,W,W,H,D,H,D,H,D,H,D,H,D,H,D,H,D,H,D,H,D,H,D,H,D,H,D,H,D,D,D,D,D,D,D,D,D,D,D,D,D,D,D,D,D
D,D,D,D,D,D,D,D,D,D,D,D,D,D,D,D,W,M,M,D,D,D,H,D,H,D,H,D,H,D,H,D,H,D,H,D,H,D,H,D,H,D,H,D,D,D,D,D,D,D,D,D,D,D,D,D,D,D,D,D
D,D,D,D,D,D,D,D,D,D,D,D,D,D,D,D,M,M,M,M,H,D,H,D,H,D,H,D,H,D,H,D,H,D,H,D,H,D,H,D,H,D,H,D,D,D,D,D,D,D,D,D,D,D,D,D,D,D,D,D
D,D,D,D,D,D,S,D,D,D,D,D,D,D,D,D,M,M,M,M,H,D,D,D,D,D,D,D,D,D,D,D,D,D,D,D,D,D,D,D,D,D,D,D,D,D,D,D,D,D,D,D,D,D,D,D,D,D,D,D
D,D,D,D,D,D,D,D,D,D,D,D,D,D,D,D,M,M,M,M,H,D,H,D,H,D,H,D,H,D,H,D,H,D,H,D,H,D,H,D,H,D,H,D,D,D,D,D,D,D,D,D,D,D,D,D,D,D,D,D
D,D,D,D,D,D,D,D,D,D,D,D,D,D,D,D,M,M,M,M,H,D,H,D,H,D,H,D,H,D,H,D,H,D,H,D,H,D,H,D,H,D,H,D,D,D,D,D,D,D,D,D,D,D,D,D,D,D,D,D
D,D,D,D,D,D,D,D,D,D,D,D,D,D,D,D,D,D,M,M,H,D,H,D,H,D,H,D,H,D,H,D,H,D,H,D,H,D,H,D,H,D,H,D,D,D,D,D,D,D,D,D,D,D,D,D,D,D,D,D
D,D,D,D,D,D,D,D,D,D,D,D,D,D,D,D,D,D,D,D,H,D,H,D,H,D,H,D,H,D,H,D,H,D,H,D,H,D,H,D,H,D,H,D,D,D,D,D,D,D,D,D,D,D,D,D,D,D,D,D
D,D,D,D,D,D,D,D,D,D,D,D,D,D,D,D,D,D,D,D,H,D,H,D,H,D,H,D,H,D,H,D,H,D,H,D,H,D,H,D,H,D,H,D,D,D,D,M,M,M,M,M,M,M,M,M,M,M,M,M
D,D,D,D,D,D,D,D,D,D,D,D,D,D,D,D,D,D,D,D,H,D,H,D,H,D,H,D,H,D,H,D,H,D,H,D,H,D,H,D,H,D,H,D,D,D,D,M,M,M,M,M,M,M,M,M,M,M,M,M
D,D,D,D,D,D,D,D,D,D,D,D,D,M,M,D,D,D,D,D,H,D,H,D,H,D,H,D,H,D,H,D,H,D,H,D,H,D,H,D,H,D,H,D,D,D,D,M,M,M,M,M,M,M,M,M,M,M,M,M
D,D,D,D,D,D,D,D,D,D,D,M,M,M,M,D,D,D,D,D,H,D,H,D,H,D,H,D,H,D,H,D,H,D,H,D,H,D,H,D,H,D,H,D,D,D,M,M,M,M,M,M,M,M,M,M,M,M,M,M
D,D,D,D,D,D,D,D,D,D,M,M,M,M,M,D,D,D,D,D,D,D,D,D,D,D,D,D,D,D,D,D,D,D,D,D,D,D,D,D,D,D,D,D,D,D,M,M,M,M,M,M,M,M,M,M,M,M,M,M
D,D,D,D,D,D,D,D,D,D,M,M,M,M,M,M,D,D,D,D,D,D,D,D,D,D,D,D,D,D,D,D,D,D,D,D,D,D,D,D,D,D,D,D,D,D,M,M,M,M,M,M,M,M,M,M,M,M,M,M
D,D,D,D,D,D,D,D,D,D,M,M,M,M,M,M,D,D,D,D,D,D,D,D,D,D,D,D,D,D,D,D,D,D,D,D,D,D,D,D,D,D,D,D,D,M,M,M,M,M,M,M,M,M,M,M,M,M,M,M
D,D,D,D,D,D,D,D,D,D,D,M,M,M,M,D,D,D,D,D,D,D,D,D,D,D,D,D,D,D,D,D,D,D,D,D,D,D,D,D,D,D,D,D,D,M,M,M,M,M,M,M,M,M,M,M,M,M,M,M
D,D,D,D,D,D,D,D,D,D,D,D,D,D,D,D,D,D,D,D,D,D,D,D,D,D,D,D,D,D,D,D,D,D,D,D,D,D,D,D,D,D,D,D,D,M,M,M,M,M,M,M,M,M,M,M,M,M,M,M
D,D,D,D,D,D,D,D,D,D,D,D,D,D,D,D,D,D,D,D,D,D,D,D,D,D,D,D,D,D,D,D,D,D,D,D,D,D,D,D,D,D,D,D,D,M,M,M,M,M,M,M,M,M,M,M,M,M,M,M
