1200,500,300,100,,,,,,,,,,,,,,,,,,,,,,,,,,,,,,,,,,,,,,,,,,,,,,,,,,,,,,,,
D,D,D,D,D,D,D,D,D,D,D,D,D,D,D,D,D,D,D,D,D,D,D,D,D,D,D,D,D,D,D,D,D,D,D,D,D,D,D,D,D,D,D,D,D,D,D,D,M,M,M,M,M,M,M,M,M,M,M,M
D,D,D,D,D,D,D,D,D,D,D,D,D,D,D,D,D,D,D,D,D,D,D,D,D,D,D,D,D,D,D,D,D,D,D,D,D,D,D,D,D,D,D,D,D,D,D,D,M,M,M,M,M,M,M,M,M,M,M,M
D,D,D,D,D,D,D,D,D,D,D,D,D,D,D,D,D,D,D,D,D,D,D,D,D,D,D,D,D,D,D,D,D,D,D,D,D,D,D,D,D,D,D,D,D,D,D,D,D,M,M,M,M,M,M,M,M,M,M,M
M,D,D,D,D,D,S,D,D,D,D,D,D,D,D,D,D,D,D,D,D,D,D,D,D,D,D,D,D,D,D,D,D,D,D,D,D,D,D,D,D,D,D,D,D,D,D,D,D,D,M,M,M,M,M,M,M,M,M,M
M,M,D,D,D,D,D,D,D,D,D,D,D,D,D,D,D,D,D,D,D,D,D,D,D,D,D,D,D,D,D,D,D,D,D,D,D,D,D,D,D,D,D,D,D,D,D,D,D,D,D,D,M,M,M,M,M,M,M,M
M,M,M,M,D,D,D,D,D,D,D,D,D,D,D,D,D,D,D,D,D,D,D,D,D,D,D,D,D,D,D,D,D,D,D,D,D,D,D,D,D,D,D,D,D,D,D,D,D,D,D,D,M,M,M,M,M,M,M,M
M,M,M,M,M,M,D,D,D,D,D,D,D,D,D,D,D,D,D,D,D,D,D,D,D,D,D,D,D,D,D,D,D,D,D,D,D,D,D,D,D,D,D,D,D,D,D,D,D,D,D,D,D,M,M,M,M,M,M,M
M,M,M,M,M,M,M,M,D,D,D,D,D,D,D,D,D,D,D,D,D,D,D,D,D,D,D,D,D,D,D,D,D,D,D,D,D,D,D,D,D,D,D,D,D,D,D,D,D,D,D,D,D,D,D,D,M,M,M,M
M,M,M,M,M,M,M,M,M,M,M,D,D,D,D,D,D,D,D,D,D,D,D,D,D,D,D,D,D,D,D,D,D,D,D,D,D,D,D,D,D,D,D,D,D,D,D,D,D,D,D,D,D,D,D,D,D,D,D,D
M,M,M,M,M,M,M,M,M,M,M,M,M,M,D,D,D,D,D,D,D,D,D,D,D,D,D,D,D,D,D,D,D,D,D,D,D,D,D,D,D,D,D,D,D,D,D,D,D,D,D,D,D,D,D,D,D,D,D,D
M,M,M,M,M,M,M,M,M,M,M,M,M,M,M,H,H,H,H,H,D,D,D,D,D,D,D,D,D,D,D,D,D,D,D,D,D,D,D,D,D,D,D,D,D,D,D,D,D,D,D,D,D,D,D,D,D,D,D,D
M,M,M,M,M,M,M,M,M,M,M,M,M,M,M,M,M,H,H,H,H,D,D,D,D,D,D,D,D,D,D,D,D,D,D,D,D,D,D,D,D,D,D,D,D,D,D,D,D,D,D,D,D,D,D,D,D,D,D,D
M,M,M,M,W,W,M,M,M,M,M,M,M,M,M,M,W,W,W,H,H,H,H,H,H,H,D,D,D,D,D,D,D,D,D,D,D,D,D,D,D,D,D,D,D,D,D,D,D,D,D,D,D,D,D,D,D,D,D,D
M,M,M,W,W,W,W,M,M,M,M,M,M,M,M,W,W,W,W,W,H,H,H,H,H,H,H,D,D,D,D,D,D,D,D,D,D,D,D,D,W,W,W,W,W,D,D,D,D,D,D,D,D,D,D,D,D,D,D,D
M,M,M,W,W,W,W,W,W,W,W,W,M,M,M,W,W,W,W,W,W,W,W,W,W,W,W,H,H,D,D,D,D,D,D,D,D,D,D,W,W,W,W,W,W,W,D,D,D,D,D,D,D,D,D,D,D,D,D,D
M,M,M,M,W,W,W,W,W,W,W,W,W,W,W,W,W,W,W,W,W,W,W,W,W,W,W,W,W,W,W,W,W,W,W,W,W,W,W,W,W,W,W,W,W,W,D,D,D,D,D,D,D,D,D,D,D,D,D,D
M,M,M,M,M,W,W,W,M,M,M,W,W,W,W,W,W,W,W,W,H,H,H,H,H,W,W,W,W,W,W,W,W,W,W,W,W,W,W,W,W,W,W,W,W,W,D,D,D,D,D,D,D,D,D,D,D,D,D,D
M,M,M,M,M,M,M,M,M,M,M,M,M,M,M,W,W,W,W,H,H,H,H,H,H,H,H,H,D,D,D,D,D,D,D,D,D,D,D,W,W,W,W,W,W,W,D,D,D,D,D,D,D,D,D,D,D,D,D,D
M,M,M,M,M,M,M,M,M,M,M,M,M,M,M,W,W,W,W,H,D,D,D,D,D,D,D,D,D,D,D,D,D,D,D,D,D,D,D,W,W,W,W,W,W,W,D,D,D,D,D,D,D,D,D,D,D,D,D,D
M,M,M,M,M,M,M,M,M,M,M,M,M,M,M,M,W,W,H,D,D,D,D,D,D,D,D,D,D,D,D,D,D,D,D,D,D,D,D,W,W,W,W,W,W,W,D,D,D,D,D,D,D,D,D,D,D,D,D,D
M,M,M,M,M,M,M,M,M,M,M,D,D,M,M,M,M,H,H,D,D,D,D,D,D,D,D,D,D,D,D,D,D,D,D,D,D,D,D,D,D,W,W,W,W,D,D,M,M,M,M,M,M,M,M,M,M,M,M,M
M,M,M,M,M,M,M,M,D,D,D,D,D,D,M,M,H,H,D,D,D,D,D,D,D,D,D,D,D,D,D,D,D,D,D,D,D,D,D,D,D,D,D,D,D,D,D,M,M,M,M,M,M,M,M,M,M,M,M,M
M,M,M,M,D,D,D,D,D,D,D,D,D,D,D,D,D,D,D,D,D,D,D,D,D,D,D,D,D,D,D,D,D,D,D,D,D,D,D,D,D,D,D,D,D,D,D,M,M,M,M,M,M,M,M,M,M,M,M,M
M,M,M,D,D,D,D,D,D,D,D,D,D,D,D,D,D,D,D,D,D,D,D,D,D,D,D,D,D,D,D,D,D,D,D,D,D,D,D,D,D,D,D,D,D,D,M,M,M,M,M,M,M,M,M,M,M,M,M,M
M,M,D,D,D,D,D,D,D,D,D,D,D,D,D,D,D,D,D,D,D,D,D,D,D,D,D,D,D,D,D,D,D,D,D,D,D,D,D,D,D,D,D,D,D,D,M,M,M,M,M,M,M,M,M,M,M,M,M,M
M,M,D,D,D,D,D,D,D,D,D,D,D,D,D,D,D,D,D,D,D,D,D,D,D,D,D,D,D,D,D,D,D,D,D,D,D,D,D,D,D,D,D,D,D,D,M,M,M,M,M,M,M,M,M,M,M,M,M,M
M,D,D,D,D,D,F,D,D,D,D,D,D,D,D,D,D,D,D,D,D,D,D,D,D,D,D,D,D,D,D,D,D,D,D,D,D,D,D,D,D,D,D,D,D,M,M,M,M,M,M,M,M,M,M,M,M,M,M,M
M,D,D,D,D,D,D,D,D,D,D,D,D,D,D,D,D,D,D,D,D,D,D,D,D,D,D,D,D,D,D,D,D,D,D,D,D,D,D,D,D,D,D,D,D,M,M,M,M,M,M,M,M,M,M,M,M,M,M,M
D,D,D,D,D,D,D,D,D,D,D,D,D,D,D,D,D,D,D,D,D,D,D,D,D,D,D,D,D,D,D,D,D,D,D,D,D,D,D,D,D,D,D,D,D,M,M,M,M,M,M,M,M,M,M,M,M,M,M,M
D,D,D,D,D,D,D,D,D,D,D,D,D,D,D,D,D,D,D,D,D,D,D,D,D,D,D,D,D,D,D,D,D,D,D,D,D,D,D,D,D,D,D,D,D,M,M,M,M,M,M,M,M,M,M,M,M,M,M,M
