800,400,300,200,,,,,,,,,,,,,,,,,,,,,,,,,,,,,,,,,,,,,,,,,,,,,,,,,,,,,,,,
D,D,D,D,D,D,D,D,D,D,D,D,D,D,D,D,D,D,D,D,D,D,D,D,D,D,D,D,D,D,D,D,D,D,D,D,D,D,D,D,D,D,D,D,D,D,D,D,D,D,D,D,D,M,M,M,M,M,M,M
D,D,D,D,D,D,D,D,D,D,D,D,D,D,D,D,D,D,D,D,D,D,D,D,D,D,D,D,D,D,D,D,D,D,D,D,D,D,D,D,D,D,D,D,D,D,D,D,D,D,D,D,D,M,M,M,M,M,M,M
D,D,D,D,D,D,D,D,D,D,D,D,D,D,D,D,D,D,D,D,D,D,D,D,D,D,D,D,D,D,D,D,D,D,D,D,D,D,D,D,D,D,D,D,D,D,D,D,D,D,D,D,D,M,M,M,M,M,M,M
D,D,D,D,D,D,D,D,D,D,D,D,D,D,D,D,D,D,D,D,D,D,D,D,D,D,D,D,D,D,D,D,D,D,D,D,D,D,D,D,D,D,D,D,D,D,D,D,D,D,D,D,D,D,M,M,M,M,M,M
D,D,D,D,D,D,D,D,D,D,D,D,D,D,W,W,D,D,D,D,D,D,D,D,D,D,D,D,D,D,D,D,D,D,D,D,D,D,D,D,D,D,D,D,D,D,D,D,D,D,D,D,D,D,M,M,M,M,M,M
D,D,D,D,D,D,D,D,D,D,D,D,D,D,W,W,D,D,D,D,D,D,D,D,D,D,D,D,D,D,D,D,D,D,D,D,D,D,D,D,D,D,D,D,D,D,D,D,D,D,D,D,D,D,D,M,M,M,M,M
D,D,D,D,D,D,D,D,D,D,D,D,D,D,W,W,D,D,D,D,D,D,D,D,D,D,D,D,D,D,D,D,D,D,D,D,D,D,D,D,D,D,D,D,D,D,D,D,D,D,D,D,D,D,D,D,M,M,M,M
D,D,D,D,D,D,D,D,D,D,D,D,D,D,W,W,D,D,D,D,D,D,D,D,D,D,D,D,D,D,D,D,D,D,D,D,D,D,D,D,D,D,D,D,D,D,D,D,D,D,D,D,D,D,D,D,M,M,M,M
D,D,D,D,D,D,D,D,D,D,D,D,D,H,W,W,H,D,D,D,D,D,D,D,D,D,D,D,D,D,D,D,D,D,M,D,D,D,D,D,D,D,D,D,D,D,D,D,D,D,D,D,D,D,D,D,D,M,M,M
D,D,D,D,D,D,D,D,D,D,D,D,D,H,W,W,H,D,D,D,D,D,D,D,D,D,D,D,D,D,D,D,D,D,M,M,D,D,D,D,D,D,D,D,D,D,D,D,D,D,D,D,D,D,D,D,D,D,M,M
D,D,D,D,D,D,D,D,D,D,D,D,D,H,W,W,H,D,D,D,D,D,D,D,D,W,W,D,D,D,D,D,D,D,M,M,M,D,D,D,D,D,D,D,D,D,D,D,D,D,D,D,D,D,D,D,D,D,D,D
D,D,D,D,D,D,D,D,D,D,D,D,D,H,W,W,W,H,D,D,D,D,D,D,W,W,W,W,D,D,D,D,D,D,M,M,M,D,D,D,D,D,D,D,D,D,D,D,D,D,D,D,D,D,D,D,D,D,D,D
D,D,D,D,D,D,D,D,D,D,D,D,D,D,H,W,W,H,D,D,D,D,D,D,W,W,W,W,W,W,W,D,D,D,M,M,M,D,D,D,D,D,D,D,D,D,D,D,D,D,D,D,D,D,D,D,D,D,D,D
D,D,D,D,D,D,D,S,D,D,D,D,D,D,H,W,W,H,D,D,D,D,D,D,D,W,W,W,W,W,W,D,D,D,M,M,M,D,D,D,D,D,D,D,D,D,D,D,D,D,D,D,D,D,D,D,D,D,D,D
D,D,D,D,D,D,D,D,D,D,D,D,D,D,H,W,W,H,D,D,D,D,D,D,D,D,W,W,W,W,D,D,D,D,M,M,M,D,D,D,D,D,D,D,D,D,D,D,D,D,D,D,D,D,D,D,D,D,D,D
D,D,D,D,D,D,D,D,D,D,D,D,D,D,H,W,W,H,D,D,D,D,D,D,D,D,D,D,W,W,D,D,D,D,M,M,M,D,D,D,D,D,D,D,D,D,D,D,D,D,D,D,D,D,D,D,D,D,D,D
D,D,D,D,D,D,D,D,D,D,D,D,D,D,H,W,W,H,D,D,D,D,D,D,D,D,D,D,D,D,D,D,D,D,M,M,M,D,D,D,D,D,D,D,D,D,D,D,D,D,D,D,D,D,D,D,D,D,D,D
D,D,D,D,D,D,D,D,D,D,D,D,D,D,H,W,W,H,D,D,D,D,D,D,D,D,D,D,D,D,D,D,D,D,M,M,M,D,D,D,D,D,D,D,D,D,D,D,D,D,D,D,D,D,D,D,D,D,D,D
D,D,D,D,D,D,D,D,D,D,D,D,D,D,D,H,W,H,D,D,D,D,D,D,D,D,D,D,D,D,D,D,D,D,M,M,M,D,D,D,D,D,D,D,D,D,D,D,D,D,D,D,D,D,D,D,D,D,D,D
D,D,D,D,D,D,D,D,D,D,D,D,D,D,D,H,W,W,H,H,H,D,D,D,D,D,D,D,D,D,D,D,D,D,M,M,M,D,D,D,D,D,D,D,D,D,D,D,D,D,D,D,D,D,D,D,D,D,D,D
D,D,D,D,D,D,D,D,D,D,D,D,D,D,D,H,W,W,H,H,H,D,D,D,D,D,D,D,D,D,D,D,D,D,D,M,D,D,D,D,D,D,D,D,D,D,D,M,M,M,M,M,M,M,M,M,M,M,M,M
D,D,D,D,D,D,D,D,D,D,D,D,D,D,D,H,W,W,H,H,H,D,D,D,D,D,D,D,D,D,D,D,D,D,D,D,D,D,D,D,D,D,D,D,D,D,D,M,M,M,M,M,M,M,M,M,M,M,M,M
D,D,D,D,D,D,D,D,D,D,D,D,D,D,D,H,W,W,H,H,H,D,D,D,D,D,D,D,D,D,D,D,D,D,D,D,D,D,D,D,D,D,D,D,D,D,D,M,M,M,M,M,M,M,M,M,M,M,M,M
D,D,D,D,D,D,D,D,D,D,D,D,D,D,D,W,W,W,W,H,H,D,D,D,D,D,D,D,D,D,D,D,D,D,D,D,D,D,D,D,D,D,D,D,D,D,M,M,M,M,M,M,M,M,M,M,M,M,M,M
D,D,D,D,D,D,D,D,D,D,D,D,D,D,W,W,W,W,W,W,H,D,D,D,D,D,D,D,D,D,D,D,D,D,D,D,D,D,D,D,D,D,D,D,D,D,M,M,M,M,M,M,M,M,M,M,M,M,M,M
D,D,D,D,D,D,D,D,D,D,D,D,D,D,W,W,W,W,W,W,H,D,D,D,D,D,D,D,D,D,D,D,D,D,D,D,D,D,D,D,D,D,D,D,D,D,M,M,M,M,M,M,M,M,M,M,M,M,M,M
D,D,D,D,D,D,D,D,D,D,D,D,D,D,W,W,D,D,W,W,W,D,D,D,D,D,D,D,D,D,D,D,D,D,D,D,D,D,D,D,D,D,D,D,D,M,M,M,M,M,M,M,M,M,M,M,M,M,M,M
D,D,D,D,D,D,D,D,D,D,D,D,D,D,W,W,W,D,D,W,W,D,D,D,D,D,D,D,D,F,D,D,D,D,D,D,D,D,D,D,D,D,D,D,D,M,M,M,M,M,M,M,M,M,M,M,M,M,M,M
D,D,D,D,D,D,D,D,D,D,D,D,D,D,W,W,W,W,W,W,W,D,D,D,D,D,D,D,D,D,D,D,D,D,D,D,D,D,D,D,D,D,D,D,D,M,M,M,M,M,M,M,M,M,M,M,M,M,M,M
D,D,D,D,D,D,D,D,D,D,D,D,D,D,D,W,W,W,W,W,W,D,D,D,D,D,D,D,D,D,D,D,D,D,D,D,D,D,D,D,D,D,D,D,D,M,M,M,M,M,M,M,M,M,M,M,M,M,M,M
