1000,300,200,100,,,,,,,,,,,,,,,,,,,,,,,,,,,,,,,,,,,,,,,,,,,,,,,,,,,,,,,,
D,D,D,D,D,D,D,D,D,D,H,H,H,H,D,D,D,D,D,D,D,D,D,D,D,D,D,D,D,D,D,D,D,D,D,D,D,D,D,D,D,D,D,D,D,D,D,D,D,D,D,D,D,D,D,D,D,D,D,D
D,D,D,D,D,D,D,D,D,D,H,H,H,H,D,D,D,D,D,D,D,D,D,D,D,D,D,D,D,D,D,D,D,D,D,D,D,D,D,D,D,D,D,D,D,D,D,D,D,D,D,D,D,M,M,M,M,M,M,M
D,D,D,D,D,D,D,D,D,D,H,H,H,H,D,D,D,D,D,D,D,D,D,D,D,D,D,D,D,D,D,D,D,D,D,D,D,D,D,D,D,D,D,D,D,D,D,D,D,D,D,D,D,M,M,M,M,M,M,M
D,D,D,D,D,D,D,D,D,D,H,H,H,H,D,D,D,D,D,D,D,D,D,D,D,D,D,D,D,D,D,D,D,D,D,D,D,D,D,D,D,D,D,D,D,D,D,D,D,D,D,D,D,M,M,M,M,M,M,M
D,D,D,D,D,D,D,D,D,D,H,H,H,H,D,D,D,D,D,D,D,D,D,D,D,D,D,D,D,D,D,D,D,D,D,D,D,D,D,D,D,D,D,D,D,D,D,D,D,D,D,D,D,M,M,M,M,M,M,M
D,D,D,D,D,D,D,D,D,D,H,H,H,H,H,H,H,H,H,H,H,H,H,H,D,D,D,D,D,D,D,M,M,M,M,M,M,M,M,M,M,M,D,D,D,D,D,D,D,D,D,D,M,M,M,M,M,M,M,M
D,D,D,D,D,D,D,D,D,D,H,H,H,H,H,H,H,H,H,H,H,H,H,H,H,D,D,D,D,D,M,M,M,M,M,M,M,M,M,M,M,M,M,D,D,D,D,D,D,D,D,D,M,M,M,M,M,M,M,M
D,D,D,D,D,D,D,D,D,D,H,H,H,W,W,W,W,W,W,W,W,W,W,W,H,H,D,D,D,M,M,H,H,H,H,H,H,H,H,H,H,H,M,M,D,D,D,D,D,D,D,M,M,M,M,M,M,M,M,M
D,D,D,D,D,D,D,D,D,D,H,H,W,W,W,W,W,W,W,W,W,W,W,W,W,H,H,D,M,M,H,H,H,H,H,H,H,H,H,H,H,H,H,M,M,D,D,D,D,D,D,M,M,M,M,M,M,M,M,M
D,D,D,D,D,D,D,D,D,D,H,W,W,W,W,W,W,W,W,W,W,W,W,W,W,W,H,D,M,H,H,H,H,H,H,H,H,H,H,H,H,H,H,H,M,D,D,D,D,D,D,M,M,M,M,M,M,M,M,M
D,D,D,D,D,D,D,D,D,D,H,W,W,W,W,W,W,W,W,W,W,W,W,W,W,W,H,H,M,H,H,H,H,H,H,H,H,H,H,H,H,H,H,H,M,D,D,D,D,D,D,M,M,M,M,M,M,M,M,M
D,D,D,D,D,D,D,D,D,D,H,W,W,W,W,W,W,W,W,W,W,W,W,W,W,W,H,H,M,H,H,H,H,H,H,H,H,H,H,H,H,H,H,H,M,D,D,D,D,D,M,M,M,M,M,M,M,M,M,M
D,D,D,D,D,D,D,D,D,D,D,W,W,W,W,W,W,D,D,D,W,W,W,W,W,W,W,D,D,H,H,H,H,H,H,D,D,D,H,H,H,H,H,H,H,D,F,D,D,D,M,M,M,M,M,M,M,M,M,M
D,D,D,D,D,D,D,D,D,D,D,W,W,W,W,W,D,D,D,D,D,W,W,W,W,W,W,D,D,H,H,H,H,H,D,D,D,D,D,H,H,H,H,H,H,D,D,D,D,M,M,M,M,M,M,M,M,M,M,M
D,D,D,D,D,D,D,D,D,D,D,D,D,D,D,D,D,D,D,D,D,W,W,W,W,W,W,D,D,D,D,D,D,D,D,D,D,D,D,H,H,H,H,H,H,D,D,D,D,M,M,M,M,M,M,M,M,M,M,M
D,S,D,D,D,D,D,D,D,D,D,D,D,D,D,D,D,D,D,D,D,W,W,W,W,W,W,D,D,D,D,D,D,D,D,D,D,D,D,H,H,H,H,H,H,D,D,D,D,M,M,M,M,M,M,M,M,M,M,M
D,D,D,D,D,D,D,D,D,D,D,W,W,W,W,W,D,D,D,D,D,W,W,W,W,W,W,D,D,H,H,H,H,H,D,D,D,D,D,H,H,H,H,H,H,D,D,D,M,M,M,M,M,M,M,M,M,M,M,M
D,D,D,D,D,D,D,D,D,D,D,W,W,W,W,W,W,D,D,D,W,W,W,W,W,W,W,D,D,H,H,H,H,H,H,D,D,D,H,H,H,H,H,H,H,D,D,D,M,M,M,M,M,M,M,M,M,M,M,M
D,D,D,D,D,D,D,D,D,D,H,W,W,W,W,W,W,W,W,W,W,W,W,W,W,W,H,D,M,H,H,H,H,H,H,H,H,H,H,H,H,H,H,H,M,D,D,D,M,M,M,M,M,M,M,M,M,M,M,M
D,D,D,D,D,D,D,D,D,D,H,W,W,W,W,W,W,W,W,W,W,W,W,W,W,W,H,D,M,H,H,H,H,H,H,H,H,H,H,H,H,H,H,H,M,D,D,M,M,M,M,M,M,M,M,M,M,M,M,M
D,D,D,D,D,D,D,D,D,D,H,W,W,W,W,W,W,W,W,W,W,W,W,W,W,W,H,D,M,H,H,H,H,H,H,H,H,H,H,H,H,H,H,H,M,D,D,M,M,M,M,M,M,M,M,M,M,M,M,M
D,D,D,D,D,D,D,D,D,D,H,H,W,W,W,W,W,W,W,W,W,W,W,W,W,H,H,D,M,M,H,H,H,H,H,H,H,H,H,H,H,H,H,M,M,D,D,M,M,M,M,M,M,M,M,M,M,M,M,M
D,D,D,D,D,D,D,D,D,D,D,H,H,W,W,W,W,W,W,W,W,W,W,W,H,H,D,D,D,M,M,H,H,H,H,H,H,H,H,H,H,H,M,M,D,D,D,M,M,M,M,M,M,M,M,M,M,M,M,M
D,D,D,D,D,D,D,D,D,D,D,D,H,H,H,H,H,H,H,H,H,H,H,H,H,D,D,D,D,D,M,M,M,M,M,M,M,M,M,M,M,M,M,D,D,D,M,M,M,M,M,M,M,M,M,M,M,M,M,M
D,D,D,D,D,D,D,D,D,D,D,D,D,H,H,H,H,H,H,H,H,H,H,H,D,D,D,D,D,D,D,M,M,M,M,M,M,M,M,M,M,M,D,D,D,D,M,M,M,M,M,M,M,M,M,M,M,M,M,M
D,D,D,D,D,D,D,M,M,D,D,D,D,D,D,D,D,D,D,D,D,D,D,D,D,D,D,D,M,M,D,D,D,D,D,D,D,D,D,D,D,D,D,D,D,D,M,M,M,M,M,M,M,M,M,M,M,M,M,M
D,D,D,D,D,D,M,M,M,M,D,D,D,D,D,D,D,D,D,D,D,D,D,D,D,D,D,M,M,M,M,D,D,D,D,D,D,D,D,D,D,D,D,D,D,M,M,M,M,M,M,M,M,M,M,M,M,M,M,M
D,D,D,D,D,D,M,M,M,M,D,D,D,D,D,D,D,D,D,D,D,D,D,D,D,D,D,M,M,M,M,D,D,D,D,D,D,D,D,D,D,D,D,D,D,M,M,M,M,M,M,M,M,M,M,M,M,M,M,M
D,D,D,D,D,M,M,M,M,M,M,D,D,D,D,D,D,D,D,D,D,D,D,D,D,D,M,M,M,M,M,M,D,D,D,D,D,D,D,D,D,D,D,D,D,M,M,M,M,M,M,M,M,M,M,M,M,M,M,M
D,D,D,D,M,M,M,M,M,M,M,M,D,D,D,D,D,D,D,D,D,D,D,D,D,M,M,M,M,M,M,M,M,D,D,D,D,D,D,D,D,D,D,D,D,M,M,M,M,M,M,M,M,M,M,M,M,M,M,M
