1000,300,200,100,,,,,,,,,,,,,,,,,,,,,,,,,,,,,,,,,,,,,,,,,,,,,,,,,,,,,,,,
D,D,D,D,D,D,D,D,D,D,D,D,D,D,D,D,D,D,D,D,D,D,D,D,D,D,D,D,D,D,D,D,D,D,D,D,D,D,D,D,D,D,D,D,M,M,M,M,M,M,M,M,M,M,M,M,M,M,M,M
D,D,D,D,D,D,D,D,D,D,D,D,D,D,D,D,D,D,D,D,D,D,D,D,D,D,D,D,D,D,D,D,D,D,D,D,D,D,D,D,D,D,D,D,D,M,M,M,M,M,M,M,M,M,M,M,M,M,M,M
D,D,D,M,M,M,M,M,D,M,D,D,D,M,D,D,M,M,M,D,D,M,D,D,D,M,D,M,D,D,D,M,D,D,M,M,M,D,D,D,D,D,D,D,D,D,M,M,M,M,M,M,M,M,M,M,M,M,M,M
D,D,D,D,D,M,D,D,D,M,D,D,D,M,D,M,D,D,D,M,D,M,M,D,D,M,D,M,D,D,D,M,D,M,D,D,D,M,D,D,D,D,D,D,D,D,M,M,M,M,M,M,M,M,M,M,M,M,M,M
D,D,D,D,D,M,D,D,D,M,D,D,D,M,D,M,D,D,D,M,D,M,D,M,D,M,D,M,D,D,M,D,D,M,D,D,D,D,D,D,D,D,D,D,D,D,D,M,M,M,M,M,M,M,M,M,M,M,M,M
D,D,D,D,D,M,D,D,D,M,M,M,M,M,D,M,M,M,M,M,D,M,D,D,M,M,D,M,M,M,D,D,D,D,M,M,M,D,D,D,D,D,D,D,D,D,D,D,D,D,D,D,D,D,D,D,D,D,D,D
D,D,D,D,D,M,D,D,D,M,D,D,D,M,D,M,D,D,D,M,D,M,D,D,D,M,D,M,D,D,M,D,D,D,D,D,D,M,D,D,D,D,D,D,D,D,D,D,D,D,D,D,D,D,D,D,D,D,D,D
D,D,D,D,D,M,D,D,D,M,D,D,D,M,D,M,D,D,D,M,D,M,D,D,D,M,D,M,D,D,D,M,D,M,D,D,D,M,D,D,D,D,D,D,D,D,D,D,D,D,D,D,D,D,D,D,D,D,D,D
D,D,D,D,D,M,D,D,D,M,D,D,D,M,D,M,D,D,D,M,D,M,D,D,D,M,D,M,D,D,D,M,D,D,M,M,M,D,D,D,D,D,D,D,D,D,D,D,D,D,D,D,D,D,D,D,D,D,D,D
D,D,D,D,D,D,D,D,D,D,D,D,D,D,D,D,D,D,D,D,D,D,D,D,D,D,D,D,D,D,D,D,D,D,D,D,D,D,D,D,D,D,D,D,D,D,D,D,D,D,D,D,D,D,D,D,D,D,D,D
D,D,D,D,D,D,D,D,D,D,D,D,D,D,D,D,D,D,D,D,D,D,D,D,D,D,D,D,D,D,D,D,D,D,D,D,D,D,D,D,D,D,D,D,D,D,D,D,D,D,D,D,D,D,D,D,D,D,D,D
D,D,D,D,D,D,D,D,D,D,D,D,D,D,D,D,D,D,D,D,D,D,D,D,D,D,D,D,D,D,D,D,D,D,D,D,D,D,D,D,D,D,D,D,D,D,D,D,D,D,D,D,D,D,D,D,D,D,D,D
D,D,D,D,D,D,D,D,D,D,D,D,D,D,D,D,D,D,D,D,D,D,D,D,D,D,D,D,D,D,D,D,D,D,D,D,D,D,D,D,D,D,D,D,D,F,D,D,D,D,D,D,D,D,D,D,D,D,D,D
D,D,D,D,D,D,D,D,D,D,D,D,D,D,D,W,W,W,W,W,D,D,H,H,H,D,D,W,W,W,W,D,D,D,D,D,D,D,D,D,D,D,D,D,D,D,D,D,D,D,D,D,D,D,D,D,D,D,D,D
D,D,D,D,D,D,D,D,D,D,D,D,D,D,D,W,D,D,D,D,D,H,D,D,D,H,D,W,D,D,D,W,D,D,D,D,D,D,D,D,D,D,D,D,D,D,D,D,D,D,D,D,D,D,D,D,D,D,D,D
D,S,D,D,D,D,D,D,D,D,D,D,D,D,D,W,D,D,D,D,D,H,D,D,D,H,D,W,D,D,D,W,D,D,D,D,D,D,D,D,D,D,D,D,D,D,D,D,D,D,D,D,D,D,D,D,D,D,D,D
D,D,D,D,D,D,D,D,D,D,D,D,D,D,D,W,W,W,D,D,D,H,D,D,D,H,D,W,D,D,D,W,D,D,D,D,D,D,D,D,D,D,D,D,D,D,D,D,D,D,D,D,D,D,D,D,D,D,D,D
D,D,D,D,D,D,D,D,D,D,D,D,D,D,D,W,D,D,D,D,D,H,D,D,D,H,D,W,W,W,W,D,D,D,D,D,D,D,D,D,D,D,D,D,D,D,D,D,D,D,D,D,D,D,D,D,D,D,D,D
D,D,D,D,D,D,D,D,D,D,D,D,D,D,D,W,D,D,D,D,D,H,D,D,D,H,D,W,D,D,D,W,D,D,D,D,D,D,D,D,D,D,D,D,D,D,D,D,D,D,D,D,D,D,D,D,D,D,D,D
D,D,D,D,D,D,D,D,D,D,D,D,D,D,D,W,D,D,D,D,D,D,H,H,H,D,D,W,D,D,D,W,D,D,D,D,D,D,D,D,D,D,D,D,D,D,D,D,D,D,D,D,D,D,D,D,D,D,D,D
D,D,D,D,D,D,D,D,D,D,D,D,D,D,D,D,D,D,D,D,D,D,D,D,D,D,D,D,D,D,D,D,D,D,D,D,D,D,D,D,D,D,D,D,D,D,D,M,M,M,M,M,M,M,M,M,M,M,M,M
D,D,D,D,D,D,D,D,D,D,D,D,D,D,D,D,D,D,D,D,D,D,D,D,D,D,D,D,D,D,D,D,D,D,D,D,D,D,D,D,D,D,D,D,D,D,D,M,M,M,M,M,M,M,M,M,M,M,M,M
D,D,D,M,M,M,M,D,D,M,D,D,D,D,D,D,M,M,M,D,D,M,D,D,D,M,D,M,M,M,M,M,D,M,D,D,D,M,D,D,M,M,M,D,D,D,D,M,M,M,M,M,M,M,M,M,M,M,M,M
D,D,D,M,D,D,D,M,D,M,D,D,D,D,D,M,D,D,D,M,D,M,D,D,D,M,D,D,D,M,D,D,D,M,M,D,D,M,D,M,D,D,D,M,D,D,M,M,M,M,M,M,M,M,M,M,M,M,M,M
D,D,D,M,D,D,D,M,D,M,D,D,D,D,D,M,D,D,D,M,D,M,D,D,D,M,D,D,D,M,D,D,D,M,D,M,D,M,D,M,D,D,D,D,D,D,M,M,M,M,M,M,M,M,M,M,M,M,M,M
D,D,D,M,M,M,M,D,D,M,D,D,D,D,D,M,M,M,M,M,D,D,M,D,M,D,D,D,D,M,D,D,D,M,D,D,M,M,D,M,D,M,M,M,D,D,M,M,M,M,M,M,M,M,M,M,M,M,M,M
D,D,D,M,D,D,D,D,D,M,D,D,D,D,D,M,D,D,D,M,D,D,D,M,D,D,D,D,D,M,D,D,D,M,D,D,D,M,D,M,D,D,D,M,D,M,M,M,M,M,M,M,M,M,M,M,M,M,M,M
D,D,D,M,D,D,D,D,D,M,D,D,D,D,D,M,D,D,D,M,D,D,D,M,D,D,D,D,D,M,D,D,D,M,D,D,D,M,D,M,D,D,D,M,D,M,M,M,M,M,M,M,M,M,M,M,M,M,M,M
D,D,D,M,D,D,D,D,D,M,M,M,M,M,D,M,D,D,D,M,D,D,D,M,D,D,D,M,M,M,M,M,D,M,D,D,D,M,D,D,M,M,M,D,D,M,M,M,M,M,M,M,M,M,M,M,M,M,M,M
D,D,D,D,D,D,D,D,D,D,D,D,D,D,D,D,D,D,D,D,D,D,D,D,D,D,D,D,D,D,D,D,D,D,D,D,D,D,D,D,D,D,D,D,M,M,M,M,M,M,M,M,M,M,M,M,M,M,M,M
